{
  "configVersion": 1,
  "timestamp": 1603212720047,
  "index": "/index.html",
  "assetGroups": [
    {
      "name": "app",
      "installMode": "prefetch",
      "updateMode": "prefetch",
      "cacheQueryOptions": {
        "ignoreVary": true
      },
      "urls": [
        "/10-es2015.33501f4625cd02a20abd.js",
        "/10-es5.33501f4625cd02a20abd.js",
        "/11-es2015.8e760965c9b3bb52d96f.js",
        "/11-es5.8e760965c9b3bb52d96f.js",
        "/12-es2015.857b0e2b5b24c65fe935.js",
        "/12-es5.857b0e2b5b24c65fe935.js",
        "/13-es2015.3baf2639bfd40fcee6c6.js",
        "/13-es5.3baf2639bfd40fcee6c6.js",
        "/14-es2015.28b1fd9886d182a5c646.js",
        "/14-es5.28b1fd9886d182a5c646.js",
        "/15-es2015.c44a6dfe786d840ca6b6.js",
        "/15-es5.c44a6dfe786d840ca6b6.js",
        "/16-es2015.9d3623282638052d7e1c.js",
        "/16-es5.9d3623282638052d7e1c.js",
        "/17-es2015.7361b654acb4c1a61959.js",
        "/17-es5.7361b654acb4c1a61959.js",
        "/18-es2015.41097f248c28cc96ed02.js",
        "/18-es5.41097f248c28cc96ed02.js",
        "/19-es2015.e5e89019fe7e22872650.js",
        "/19-es5.e5e89019fe7e22872650.js",
        "/2-es2015.80f24fb0680d56d96580.js",
        "/2-es5.80f24fb0680d56d96580.js",
        "/20-es2015.278606e2c6839a7b93a6.js",
        "/20-es5.278606e2c6839a7b93a6.js",
        "/21-es2015.4b1c667bb899985c1778.js",
        "/21-es5.4b1c667bb899985c1778.js",
        "/22-es2015.3580d6248519ea67d80f.js",
        "/22-es5.3580d6248519ea67d80f.js",
        "/23-es2015.feecf8b4e0843741996c.js",
        "/23-es5.feecf8b4e0843741996c.js",
        "/24-es2015.6894c45f72688c8eac25.js",
        "/24-es5.6894c45f72688c8eac25.js",
        "/25-es2015.ce9c2d35556f1b5e5cc9.js",
        "/25-es5.ce9c2d35556f1b5e5cc9.js",
        "/26-es2015.ccd2e4345d511f353287.js",
        "/26-es5.ccd2e4345d511f353287.js",
        "/27-es2015.9c09e627d5d8221fae5b.js",
        "/27-es5.9c09e627d5d8221fae5b.js",
        "/28-es2015.1c2ef0d8a1e1b5e9b2ec.js",
        "/28-es5.1c2ef0d8a1e1b5e9b2ec.js",
        "/29-es2015.630c974dc399f857115f.js",
        "/29-es5.630c974dc399f857115f.js",
        "/30-es2015.377a3c50cb736c31b4ae.js",
        "/30-es5.377a3c50cb736c31b4ae.js",
        "/31-es2015.f2be2db5468fafdf2a65.js",
        "/31-es5.f2be2db5468fafdf2a65.js",
        "/32-es2015.07ce55c181737b66e174.js",
        "/32-es5.07ce55c181737b66e174.js",
        "/33-es2015.caf24b45d0729981487d.js",
        "/33-es5.caf24b45d0729981487d.js",
        "/34-es2015.45570c954f7329641d18.js",
        "/34-es5.45570c954f7329641d18.js",
        "/35-es2015.a37c6c6e2fd96219269e.js",
        "/35-es5.a37c6c6e2fd96219269e.js",
        "/36-es2015.6a5aecaa28d041ae34b0.js",
        "/36-es5.6a5aecaa28d041ae34b0.js",
        "/37-es2015.880d61dfce7bacceafeb.js",
        "/37-es5.880d61dfce7bacceafeb.js",
        "/38-es2015.7af89110b2759aa060ac.js",
        "/38-es5.7af89110b2759aa060ac.js",
        "/39-es2015.c1e42854427437488312.js",
        "/39-es5.c1e42854427437488312.js",
        "/40-es2015.8cb2fd2b93dc6aecc6bd.js",
        "/40-es5.8cb2fd2b93dc6aecc6bd.js",
        "/41-es2015.ed459352efa88053a829.js",
        "/41-es5.ed459352efa88053a829.js",
        "/42-es2015.3ebde6a9f6724ebeb804.js",
        "/42-es5.3ebde6a9f6724ebeb804.js",
        "/43-es2015.ef0483671b52fe0e25ee.js",
        "/43-es5.ef0483671b52fe0e25ee.js",
        "/44-es2015.9fb89a7494a1b91858ed.js",
        "/44-es5.9fb89a7494a1b91858ed.js",
        "/45-es2015.1bcf47406a027345d156.js",
        "/45-es5.1bcf47406a027345d156.js",
        "/46-es2015.74622a307059b8ee66d1.js",
        "/46-es5.74622a307059b8ee66d1.js",
        "/47-es2015.410ab07a725a70a40ea9.js",
        "/47-es5.410ab07a725a70a40ea9.js",
        "/48-es2015.6993badb6cf216b47000.js",
        "/48-es5.6993badb6cf216b47000.js",
        "/49-es2015.606b4825e0cf6ccb80d5.js",
        "/49-es5.606b4825e0cf6ccb80d5.js",
        "/50-es2015.0bc416de75c8d73104ae.js",
        "/50-es5.0bc416de75c8d73104ae.js",
        "/51-es2015.7311271399a681b515f9.js",
        "/51-es5.7311271399a681b515f9.js",
        "/52-es2015.cb80b900658ee93141ac.js",
        "/52-es5.cb80b900658ee93141ac.js",
        "/53-es2015.20d497da838a2403231a.js",
        "/53-es5.20d497da838a2403231a.js",
        "/54-es2015.f6b8b64008c34d166561.js",
        "/54-es5.f6b8b64008c34d166561.js",
        "/55-es2015.4dc883351a182ef0a281.js",
        "/55-es5.4dc883351a182ef0a281.js",
        "/56-es2015.55579eb3fd8a2c61989d.js",
        "/56-es5.55579eb3fd8a2c61989d.js",
        "/57-es2015.4f6d41ae6c111e0db813.js",
        "/57-es5.4f6d41ae6c111e0db813.js",
        "/58-es2015.43ee2632685e3d9c6228.js",
        "/58-es5.43ee2632685e3d9c6228.js",
        "/59-es2015.5f5af91fe9b21bcd6666.js",
        "/59-es5.5f5af91fe9b21bcd6666.js",
        "/60-es2015.92b867505c5492f3852d.js",
        "/60-es5.92b867505c5492f3852d.js",
        "/61-es2015.c8cefe40c076f12a59f2.js",
        "/61-es5.c8cefe40c076f12a59f2.js",
        "/common-es2015.5ba1bd739b37c0d5b62a.js",
        "/common-es5.5ba1bd739b37c0d5b62a.js",
        "/index.html",
        "/main-es2015.b56205ab8c7b5e48faeb.js",
        "/main-es5.b56205ab8c7b5e48faeb.js",
        "/manifest.webmanifest",
        "/polyfills-core-js-es2015.22f1882a210e2656646e.js",
        "/polyfills-core-js-es5.22f1882a210e2656646e.js",
        "/polyfills-css-shim-es2015.22cdb8d3838f1709ac9b.js",
        "/polyfills-css-shim-es5.22cdb8d3838f1709ac9b.js",
        "/polyfills-dom-es2015.24551ae9e0bc5335f9b7.js",
        "/polyfills-dom-es5.24551ae9e0bc5335f9b7.js",
        "/polyfills-es2015.91389ecfa80f1063947d.js",
        "/polyfills-es5.6efe7ecd690ba21b65e9.js",
        "/runtime-es2015.6cd4b24abda9f5aec20f.js",
        "/runtime-es5.6cd4b24abda9f5aec20f.js",
        "/styles.a79260a11f47ea4ead24.css"
      ],
      "patterns": []
    },
    {
      "name": "assets",
      "installMode": "lazy",
      "updateMode": "prefetch",
      "cacheQueryOptions": {
        "ignoreVary": true
      },
      "urls": [
        "/aguia-1.c61e57205dd80c5c9f1a.png",
        "/assets/icons/icon-128x128.png",
        "/assets/icons/icon-144x144.png",
        "/assets/icons/icon-152x152.png",
        "/assets/icons/icon-192x192.png",
        "/assets/icons/icon-384x384.png",
        "/assets/icons/icon-512x512.png",
        "/assets/icons/icon-72x72.png",
        "/assets/icons/icon-96x96.png",
        "/assets/images/aguia-1.png",
        "/assets/images/console-chrome-icon.png",
        "/assets/images/console-icons-css.png",
        "/assets/images/console-icons-left.png",
        "/assets/images/console-icons-right.png",
        "/assets/images/console-window.png",
        "/assets/images/csgo-oficial.png",
        "/assets/images/csgo.png",
        "/assets/images/favicon.png",
        "/assets/images/fonte.png",
        "/assets/images/headset.png",
        "/assets/images/i9.png",
        "/assets/images/i9.zip",
        "/assets/images/keyboard.png",
        "/assets/images/logo-faceit-icon.png",
        "/assets/images/logo-faceit.png",
        "/assets/images/logo-gamersclub-g.png",
        "/assets/images/logo-gamersclub.png",
        "/assets/images/memoria.png",
        "/assets/images/mouse.png",
        "/assets/images/mousepad.png",
        "/assets/images/pattern.png",
        "/assets/images/placadevideo.png",
        "/assets/images/placamae.png",
        "/assets/images/ssd.png",
        "/assets/images/watercooler.png",
        "/assets/scss/components/_button.scss",
        "/assets/sound/eagle-sound.mp3",
        "/csgo.5c9d90d1788cebc67ccd.png",
        "/pattern.7b0aac76cc46d28eac0c.png"
      ],
      "patterns": []
    }
  ],
  "dataGroups": [],
  "hashTable": {
    "/10-es2015.33501f4625cd02a20abd.js": "c716ec6bc05eca8ea274a6719156e1af189c55c4",
    "/10-es5.33501f4625cd02a20abd.js": "53c18122b0be89909800a5aa12fc96ea762de979",
    "/11-es2015.8e760965c9b3bb52d96f.js": "4d34e9db122e0fc3703259b1ea3bf075798fa449",
    "/11-es5.8e760965c9b3bb52d96f.js": "229335fed24d5bb4c248db4e30ad44e5d780adc8",
    "/12-es2015.857b0e2b5b24c65fe935.js": "b04a948dfce9c6032ff28875a10e2a9a99f18e4b",
    "/12-es5.857b0e2b5b24c65fe935.js": "b4207a761fbca4925d63d645aaf14d2f62856672",
    "/13-es2015.3baf2639bfd40fcee6c6.js": "1476d0da4f108b8b7cf255487e1724e89195afe2",
    "/13-es5.3baf2639bfd40fcee6c6.js": "af16f3e0d930b88fa3aec51d411f68b66545917c",
    "/14-es2015.28b1fd9886d182a5c646.js": "e5666b2e9ffa14e78674bf94a65e2a4a7839047b",
    "/14-es5.28b1fd9886d182a5c646.js": "8e1aa8c9de0cfb489630bade766306faf250cd3c",
    "/15-es2015.c44a6dfe786d840ca6b6.js": "784e304e906f31a6eed4f78b1a7dc48b089f36be",
    "/15-es5.c44a6dfe786d840ca6b6.js": "c896ab8fbc9e1098d5f4c3a181b65d6b40bc6a41",
    "/16-es2015.9d3623282638052d7e1c.js": "43da488bd887291c5499c97b02264559c1ee2b56",
    "/16-es5.9d3623282638052d7e1c.js": "201394d837c03b7377dbf4937835cd5e2d0efba8",
    "/17-es2015.7361b654acb4c1a61959.js": "ca4775ea88d3f618e332cf77228c4607b7d1142b",
    "/17-es5.7361b654acb4c1a61959.js": "5c65dd914a44237c6bb7168c96802ca98a20a867",
    "/18-es2015.41097f248c28cc96ed02.js": "492af53fed21c3a223fd40d7c04a71d00675fdc0",
    "/18-es5.41097f248c28cc96ed02.js": "57c345fde6290668da08aea12f21f28ef04fcd87",
    "/19-es2015.e5e89019fe7e22872650.js": "006bfc10e5e662c96abec9c96291fbab2b5a58ef",
    "/19-es5.e5e89019fe7e22872650.js": "fc67b51444f4409db441b1dea76e09bdcef4a0dd",
    "/2-es2015.80f24fb0680d56d96580.js": "5bedccd21b2108e4bad23be31ce16ae5edf68a4b",
    "/2-es5.80f24fb0680d56d96580.js": "b0106ace2bee2ab3e9e7fb27a867869ec9d74010",
    "/20-es2015.278606e2c6839a7b93a6.js": "dcc82a1dc873d68e17152f06724b1d73d50998c9",
    "/20-es5.278606e2c6839a7b93a6.js": "6c087a9fc024a4d0f3cc193cff188f16cbc594a4",
    "/21-es2015.4b1c667bb899985c1778.js": "48025e36c3c546662466ea0fd5fec6493100000a",
    "/21-es5.4b1c667bb899985c1778.js": "03c5a4c73e5308cbbd44a65540b04903217d815e",
    "/22-es2015.3580d6248519ea67d80f.js": "975a9d9d7cfb587ebbd142259d2a2da9fe2d4c26",
    "/22-es5.3580d6248519ea67d80f.js": "bcc542807f94ce02e0efcdebd90259ee50e25481",
    "/23-es2015.feecf8b4e0843741996c.js": "06fe3c929fcc79a8de930d9de6eadb44c18c91b2",
    "/23-es5.feecf8b4e0843741996c.js": "c04822dccba9cd8f3a3f8ff8e32e4328e8a7b809",
    "/24-es2015.6894c45f72688c8eac25.js": "2b9bb13c544798f04d39ee483ec72bb172c9fa1e",
    "/24-es5.6894c45f72688c8eac25.js": "ff052973d4072ee2b06c2b65d6eb186c7f832133",
    "/25-es2015.ce9c2d35556f1b5e5cc9.js": "f39a2cc9fa3cc8a5a0afb51013e52d6ab142bd98",
    "/25-es5.ce9c2d35556f1b5e5cc9.js": "a3ac0c365947a58841890f32219dfe93e23c7494",
    "/26-es2015.ccd2e4345d511f353287.js": "d039e85c453df0416be513a5dce716b313dd0a82",
    "/26-es5.ccd2e4345d511f353287.js": "70ae624c0176713157cb9e9293f4a5a89f310a3c",
    "/27-es2015.9c09e627d5d8221fae5b.js": "97c5f1b9f847e810cdc60b1a7cf8a8e81c6d1c53",
    "/27-es5.9c09e627d5d8221fae5b.js": "8cc1a49bdfcf086c0aba346eae89cecb21dbd6e4",
    "/28-es2015.1c2ef0d8a1e1b5e9b2ec.js": "643a88e9e8626f1f588e3ae616cc479530280c62",
    "/28-es5.1c2ef0d8a1e1b5e9b2ec.js": "9db01946266351e92506bf60d24b359a48a79195",
    "/29-es2015.630c974dc399f857115f.js": "51d416234bc829a042fbbd2f6527fc9f3ee1a867",
    "/29-es5.630c974dc399f857115f.js": "6832393c4b57653bbd33fbe4db40eed85fbe236a",
    "/30-es2015.377a3c50cb736c31b4ae.js": "70ff4e10ebfa78a3f16fd336e72fc1a3b63f6d26",
    "/30-es5.377a3c50cb736c31b4ae.js": "b2279e3b80b834da852970749697a2dfba2eedf3",
    "/31-es2015.f2be2db5468fafdf2a65.js": "cef6dd7b4d49e8e79ec9b68644c433d86d5acc5a",
    "/31-es5.f2be2db5468fafdf2a65.js": "fea62c374430166523185c84d55cddb6962eb88f",
    "/32-es2015.07ce55c181737b66e174.js": "670c256c2352078f1bfb0593f7ae0d2129d06850",
    "/32-es5.07ce55c181737b66e174.js": "65d73bda6a05c01f3ef1a5ad8067c0463fb4c101",
    "/33-es2015.caf24b45d0729981487d.js": "d8e4af9b4c0654dbb71eb4811a89728f82054198",
    "/33-es5.caf24b45d0729981487d.js": "144d16b89836656a3aba3fd555c013b440c231a0",
    "/34-es2015.45570c954f7329641d18.js": "b59358c4364160947b9d6b6585670eb436db9ff9",
    "/34-es5.45570c954f7329641d18.js": "e8c9ad470e479253803371c4986caa92d001901f",
    "/35-es2015.a37c6c6e2fd96219269e.js": "e890500486b3cee5f45b63b852cc876ba08363d2",
    "/35-es5.a37c6c6e2fd96219269e.js": "182ef43f745ed9d652f29621f6625700f9394ec3",
    "/36-es2015.6a5aecaa28d041ae34b0.js": "27031ff340c7dfaa8d366664867658ca2fcdb538",
    "/36-es5.6a5aecaa28d041ae34b0.js": "1d2806bd88bba4dd20f180111764156f6b6223a2",
    "/37-es2015.880d61dfce7bacceafeb.js": "439b560a9a8854f0388dbe782280dd93143014ed",
    "/37-es5.880d61dfce7bacceafeb.js": "63812f666295d2e8d4a345144b275fe709dbab51",
    "/38-es2015.7af89110b2759aa060ac.js": "6332e4d60a2e3f0a9c2d3545383fc926d2a6d95b",
    "/38-es5.7af89110b2759aa060ac.js": "a5749f09cfed3e878defbcc593491d6cde264b37",
    "/39-es2015.c1e42854427437488312.js": "1223067533982b304eb75de9393481b486813a6e",
    "/39-es5.c1e42854427437488312.js": "ad0e2cd078350dd0cda2e787c53ef00c0619522a",
    "/40-es2015.8cb2fd2b93dc6aecc6bd.js": "e374d23e94aea658495e67d98861e3a94874ade2",
    "/40-es5.8cb2fd2b93dc6aecc6bd.js": "8b782512d60a48ce104061785cb53177e5377c02",
    "/41-es2015.ed459352efa88053a829.js": "e6434ca20d45586d7b96e2ef33889708502e57e8",
    "/41-es5.ed459352efa88053a829.js": "fa1bbe33caab8b77099d8ae1ba154c18e89fb86f",
    "/42-es2015.3ebde6a9f6724ebeb804.js": "0ec85212ce8539223645ff48eb05ef7d628bd9c9",
    "/42-es5.3ebde6a9f6724ebeb804.js": "cb7d8bc0641659b4abcdd7cb907b6b41cc3aac53",
    "/43-es2015.ef0483671b52fe0e25ee.js": "45f7a9cbec37ec48daee78eb773eaa5bb6d5c41f",
    "/43-es5.ef0483671b52fe0e25ee.js": "ed0f309a4f3b9344a36745a2b9751e9ebd6203c4",
    "/44-es2015.9fb89a7494a1b91858ed.js": "2fcb456d1196dcedda226fd113096ac54db15913",
    "/44-es5.9fb89a7494a1b91858ed.js": "fe9fc16e77fed225f92e4bd5baa2f07bba4bbc45",
    "/45-es2015.1bcf47406a027345d156.js": "4908223692fc87a1c00d4698a0658fef2303b768",
    "/45-es5.1bcf47406a027345d156.js": "b8d3d81a61b9802a76366a237341361551d9f406",
    "/46-es2015.74622a307059b8ee66d1.js": "d3622c0968b51d8a8af6bdd46b1a6b0bbacbff3f",
    "/46-es5.74622a307059b8ee66d1.js": "3e446ec7641c9c4cfd3c2e949df1f78ad86c1955",
    "/47-es2015.410ab07a725a70a40ea9.js": "f5de43152c392d9c69720e975e1c56df3ece16b3",
    "/47-es5.410ab07a725a70a40ea9.js": "17b0b42bf23ba6dc8d93bed7c29d848b882b5b76",
    "/48-es2015.6993badb6cf216b47000.js": "f7fb1be10351f5480645438924198de3b5f5d461",
    "/48-es5.6993badb6cf216b47000.js": "ea48c89a19ccaafc60554fbecc89bba4b0772c47",
    "/49-es2015.606b4825e0cf6ccb80d5.js": "abac2a657f0edc5bae44c57e6cc6b110087ffa9f",
    "/49-es5.606b4825e0cf6ccb80d5.js": "d2dcb564bcb5700e939804772323337108a268ad",
    "/50-es2015.0bc416de75c8d73104ae.js": "c94bea9fabe2593addaf1d7e19c8771c193c4ede",
    "/50-es5.0bc416de75c8d73104ae.js": "6bb38324f682c4028b0832d0d4988f13b077840c",
    "/51-es2015.7311271399a681b515f9.js": "88cd003df34dd17ff963364f9a7c49d952e8701c",
    "/51-es5.7311271399a681b515f9.js": "5c57116187270d70ff68ce1507b1e37727eca601",
    "/52-es2015.cb80b900658ee93141ac.js": "0ef032dbcc1d52cf3a6319e984b107eaf7979e55",
    "/52-es5.cb80b900658ee93141ac.js": "8a70b390ac064ba8a3209ddccdaa2912511af2f3",
    "/53-es2015.20d497da838a2403231a.js": "5dc04bf74ddcb34271bc2786fc8f578e70b2f4bc",
    "/53-es5.20d497da838a2403231a.js": "f6c5bac956e53f97af63afc1d4808b9ee2e625c8",
    "/54-es2015.f6b8b64008c34d166561.js": "750dd32eac5f78d0c9be9ac7d5006cb7154c2b45",
    "/54-es5.f6b8b64008c34d166561.js": "f3b198d6e27d96582feb4b339642c916002b48de",
    "/55-es2015.4dc883351a182ef0a281.js": "8b98efdfca52a7de059befe846bdb672fc3ebf2a",
    "/55-es5.4dc883351a182ef0a281.js": "b1187f9e180d30ec40487a147a63ba23ddfcf94c",
    "/56-es2015.55579eb3fd8a2c61989d.js": "ee2adb7cf52d2ecabb1f9696b6aa70b99f615149",
    "/56-es5.55579eb3fd8a2c61989d.js": "acbde555274bb52ceace01adc4c44a467994df7d",
    "/57-es2015.4f6d41ae6c111e0db813.js": "3d287a2b8250a1135bd413981663e738da44fb20",
    "/57-es5.4f6d41ae6c111e0db813.js": "a8bf2f8fd4c294068b35c858b20ed49b90fa42fb",
    "/58-es2015.43ee2632685e3d9c6228.js": "1d1e670e98f291e509223a0857f5aa444c50f0f6",
    "/58-es5.43ee2632685e3d9c6228.js": "abf31153f87e02219ecf1e8458ec4b7f1f24a24c",
    "/59-es2015.5f5af91fe9b21bcd6666.js": "08e7924839c3f89090ee0846053c4536d4c7cc67",
    "/59-es5.5f5af91fe9b21bcd6666.js": "38cd81cf1b7885fc2d686451934b99dc525ff22e",
    "/60-es2015.92b867505c5492f3852d.js": "b4f3f5e0b176a9f404d117e5f5b78983bc6da8f6",
    "/60-es5.92b867505c5492f3852d.js": "48d115e81c6d80b2873dbacc7f6cdede709f9cc0",
    "/61-es2015.c8cefe40c076f12a59f2.js": "6aa65713fb4279eb68d730d012f826f342812dcd",
    "/61-es5.c8cefe40c076f12a59f2.js": "fb896a8a39308aa554db0eff7b70a76353f7239c",
    "/aguia-1.c61e57205dd80c5c9f1a.png": "549633f9ece910836eefafdcfae018af43a2f6bf",
    "/assets/icons/icon-128x128.png": "dae3b6ed49bdaf4327b92531d4b5b4a5d30c7532",
    "/assets/icons/icon-144x144.png": "b0bd89982e08f9bd2b642928f5391915b74799a7",
    "/assets/icons/icon-152x152.png": "7479a9477815dfd9668d60f8b3b2fba709b91310",
    "/assets/icons/icon-192x192.png": "1abd80d431a237a853ce38147d8c63752f10933b",
    "/assets/icons/icon-384x384.png": "329749cd6393768d3131ed6304c136b1ca05f2fd",
    "/assets/icons/icon-512x512.png": "559d9c4318b45a1f2b10596bbb4c960fe521dbcc",
    "/assets/icons/icon-72x72.png": "c457e56089a36952cd67156f9996bc4ce54a5ed9",
    "/assets/icons/icon-96x96.png": "3914125a4b445bf111c5627875fc190f560daa41",
    "/assets/images/aguia-1.png": "549633f9ece910836eefafdcfae018af43a2f6bf",
    "/assets/images/console-chrome-icon.png": "ac4c4fff87b9c980286a1c77b06719344adc4a8b",
    "/assets/images/console-icons-css.png": "9b28392bd74c6b187c17bbe289dc68ffcecc1103",
    "/assets/images/console-icons-left.png": "eb61115e1e1ba9323e657f674cdfa6267d4b386d",
    "/assets/images/console-icons-right.png": "963b6dbcde2dd4bc9097464f24bfd64d4fe8c7ce",
    "/assets/images/console-window.png": "cbdd714877746bcd70428fdd0fe0b1108b35fd44",
    "/assets/images/csgo-oficial.png": "092518f3f4b7003cf4cfb6ca53290076a0478eba",
    "/assets/images/csgo.png": "9b8820cc76872e355d8936c0aefe660ffaaaa290",
    "/assets/images/favicon.png": "851cdcc93b28cb9d4499e09a8410c8e7432d6964",
    "/assets/images/fonte.png": "daed87901e9476a36b599b37c3493fab5389acbf",
    "/assets/images/headset.png": "a0987db7013116e8a611788921114c59c3fe3b22",
    "/assets/images/i9.png": "b85a288bef31c2ff0e2bdc9f81fa51d2e4678b3e",
    "/assets/images/i9.zip": "e86bf56469385dff1381a7b3fdba7626c0102902",
    "/assets/images/keyboard.png": "6d3575ea6fef26969be4ae6ecfa07e10edf0aea7",
    "/assets/images/logo-faceit-icon.png": "dfc44d3d12a52cf7ecee1fc77c19d3e47ae523b8",
    "/assets/images/logo-faceit.png": "812128b1105138a31f957998dd01a2adcd4d308c",
    "/assets/images/logo-gamersclub-g.png": "100964109850ecd426468d7a0b7fc990db12a723",
    "/assets/images/logo-gamersclub.png": "b29bdbd791074915a2e6b7e7408ba9429ac6a630",
    "/assets/images/memoria.png": "8f6069557cd5a6396880ab134646f39c5c1e0ed4",
    "/assets/images/mouse.png": "99c3b455658b22b8639a1161a1d919fa6c17ea91",
    "/assets/images/mousepad.png": "11dd9c47367c2272dc7ecd69a13fa9d8c967bc0a",
    "/assets/images/pattern.png": "03370b5cb8fde99390f54abb93156999aafaf7da",
    "/assets/images/placadevideo.png": "4e6f5061388a4ec2de4315c5b385bf8e8f656a5f",
    "/assets/images/placamae.png": "d79c9ffaaebfc98feb2f468d26f8521171049096",
    "/assets/images/ssd.png": "bc3c20163cb015738d9fea15abf66174ec7ef7ff",
    "/assets/images/watercooler.png": "cefbc6e2525cd84aef0034fab98abdd7d3851a42",
    "/assets/scss/components/_button.scss": "79e5376bf76e7fc2bdbbe02e79fd7e22e738ba8d",
    "/assets/sound/eagle-sound.mp3": "2deb31949bcd2c53d5624b60e4fc7f7892f764c5",
    "/common-es2015.5ba1bd739b37c0d5b62a.js": "5a08ccc29ab2883312a1ea3bbb8f9f4fdbda958f",
    "/common-es5.5ba1bd739b37c0d5b62a.js": "f0fedf36adae5bcd1f1b83329baf976ad472c04b",
    "/csgo.5c9d90d1788cebc67ccd.png": "9b8820cc76872e355d8936c0aefe660ffaaaa290",
    "/index.html": "e8aaf50a9a4f4904dc84995c26d973d5af087161",
    "/main-es2015.b56205ab8c7b5e48faeb.js": "401de0d3a98c26c3725f594758bccdaa1cae108a",
    "/main-es5.b56205ab8c7b5e48faeb.js": "7801cb6705ab7e38a5e6ad9659d1e30b602a0011",
    "/manifest.webmanifest": "e580a1fd01053417d5285afe266546a4e74813c1",
    "/pattern.7b0aac76cc46d28eac0c.png": "03370b5cb8fde99390f54abb93156999aafaf7da",
    "/polyfills-core-js-es2015.22f1882a210e2656646e.js": "f007c630c357ee7eeec2289a6cfc013dbcbe6fe9",
    "/polyfills-core-js-es5.22f1882a210e2656646e.js": "8531ee642b05d9e12e859babeaec61c2b1c1e57a",
    "/polyfills-css-shim-es2015.22cdb8d3838f1709ac9b.js": "5ee260a7051a19dcf88aeaed726570fa19ac1d4c",
    "/polyfills-css-shim-es5.22cdb8d3838f1709ac9b.js": "5ea76e57ad872a74ef6c151f53fc4f5a54f9bfe1",
    "/polyfills-dom-es2015.24551ae9e0bc5335f9b7.js": "50e795de8617f137b6640a5f3b7c432dd75900f1",
    "/polyfills-dom-es5.24551ae9e0bc5335f9b7.js": "50e795de8617f137b6640a5f3b7c432dd75900f1",
    "/polyfills-es2015.91389ecfa80f1063947d.js": "8ea3172d9dfcf79a7dea59945f5c6db8864d21f6",
    "/polyfills-es5.6efe7ecd690ba21b65e9.js": "a25578164cd3191cc5b39071e25f6be9f62477eb",
    "/runtime-es2015.6cd4b24abda9f5aec20f.js": "3dbf133fff25da695f7b6e6557f1b01f10e30c89",
    "/runtime-es5.6cd4b24abda9f5aec20f.js": "c20777df311eccc556dc7c46a252c9a4d78bb28f",
    "/styles.a79260a11f47ea4ead24.css": "6110fb876a379a16784cdd9c3288aba72916134b"
  },
  "navigationUrls": [
    {
      "positive": true,
      "regex": "^\\/.*$"
    },
    {
      "positive": false,
      "regex": "^\\/(?:.+\\/)?[^/]*\\.[^/]*$"
    },
    {
      "positive": false,
      "regex": "^\\/(?:.+\\/)?[^/]*__[^/]*$"
    },
    {
      "positive": false,
      "regex": "^\\/(?:.+\\/)?[^/]*__[^/]*\\/.*$"
    }
  ]
}